2026/09/23 05:35:53.127, 0, GPU-787b1f07-4246-5ccd-5074-4bb2120f2c14, 20.32, 250.00, 0, 23120
2026/09/23 05:35:53.136, 1, GPU-a5982685-6ed7-6fce-8096-52d29e241396, 19.06, 250.00, 0, 23128
2026/09/23 05:35:55.145, 0, GPU-787b1f07-4246-5ccd-5074-4bb2120f2c14, 20.38, 250.00, 0, 23120
2026/09/23 05:35:55.146, 1, GPU-a5982685-6ed7-6fce-8096-52d29e241396, 18.82, 250.00, 0, 23128
2026/09/23 05:35:57.148, 0, GPU-787b1f07-4246-5ccd-5074-4bb2120f2c14, 20.69, 250.00, 0, 23120
2026/09/23 05:35:57.149, 1, GPU-a5982685-6ed7-6fce-8096-52d29e241396, 18.94, 250.00, 0, 23128
2026/09/23 05:35:59.151, 0, GPU-787b1f07-4246-5ccd-5074-4bb2120f2c14, 20.36, 250.00, 0, 23120
2026/09/23 05:35:59.152, 1, GPU-a5982685-6ed7-6fce-8096-52d29e241396, 19.17, 250.00, 0, 23128
2026/09/23 05:36:01.154, 0, GPU-787b1f07-4246-5ccd-5074-4bb2120f2c14, 20.26, 250.00, 0, 23120
2026/09/23 05:36:01.155, 1, GPU-a5982685-6ed7-6fce-8096-52d29e241396, 18.98, 250.00, 0, 23128
2026/09/23 05:36:03.156, 0, GPU-787b1f07-4246-5ccd-5074-4bb2120f2c14, 20.31, 250.00, 0, 23120
2026/09/23 05:36:03.158, 1, GPU-a5982685-6ed7-6fce-8096-52d29e241396, 19.00, 250.00, 0, 23128
2026/09/23 05:36:05.160, 0, GPU-787b1f07-4246-5ccd-5074-4bb2120f2c14, 20.46, 250.00, 0, 23120
2026/09/23 05:36:05.161, 1, GPU-a5982685-6ed7-6fce-8096-52d29e241396, 19.16, 250.00, 0, 23128
2026/09/23 05:36:07.163, 0, GPU-787b1f07-4246-5ccd-5074-4bb2120f2c14, 173.23, 250.00, 98, 23120
2026/09/23 05:36:07.164, 1, GPU-a5982685-6ed7-6fce-8096-52d29e241396, 160.26, 250.00, 99, 23128
2026/09/23 05:36:09.164, 0, GPU-787b1f07-4246-5ccd-5074-4bb2120f2c14, 248.65, 250.00, 99, 23120
2026/09/23 05:36:09.165, 1, GPU-a5982685-6ed7-6fce-8096-52d29e241396, 249.49, 250.00, 100, 23128
2026/09/23 05:36:11.165, 0, GPU-787b1f07-4246-5ccd-5074-4bb2120f2c14, 248.74, 250.00, 99, 23120
2026/09/23 05:36:11.166, 1, GPU-a5982685-6ed7-6fce-8096-52d29e241396, 249.18, 250.00, 99, 23128
2026/09/23 05:36:13.166, 0, GPU-787b1f07-4246-5ccd-5074-4bb2120f2c14, 249.33, 250.00, 99, 23120
2026/09/23 05:36:13.167, 1, GPU-a5982685-6ed7-6fce-8096-52d29e241396, 249.25, 250.00, 99, 23128
2026/09/23 05:36:15.168, 0, GPU-787b1f07-4246-5ccd-5074-4bb2120f2c14, 249.07, 250.00, 99, 23120
2026/09/23 05:36:15.168, 1, GPU-a5982685-6ed7-6fce-8096-52d29e241396, 249.22, 250.00, 99, 23128
2026/09/23 05:36:17.168, 0, GPU-787b1f07-4246-5ccd-5074-4bb2120f2c14, 248.39, 250.00, 99, 23120
2026/09/23 05:36:17.169, 1, GPU-a5982685-6ed7-6fce-8096-52d29e241396, 249.00, 250.00, 99, 23128
2026/09/23 05:36:19.169, 0, GPU-787b1f07-4246-5ccd-5074-4bb2120f2c14, 249.26, 250.00, 99, 23120
2026/09/23 05:36:19.170, 1, GPU-a5982685-6ed7-6fce-8096-52d29e241396, 248.69, 250.00, 99, 23128
2026/09/23 05:36:21.170, 0, GPU-787b1f07-4246-5ccd-5074-4bb2120f2c14, 248.19, 250.00, 99, 23120
2026/09/23 05:36:21.171, 1, GPU-a5982685-6ed7-6fce-8096-52d29e241396, 249.05, 250.00, 99, 23128
2026/09/23 05:36:23.171, 0, GPU-787b1f07-4246-5ccd-5074-4bb2120f2c14, 248.21, 250.00, 100, 23120
2026/09/23 05:36:23.171, 1, GPU-a5982685-6ed7-6fce-8096-52d29e241396, 248.97, 250.00, 100, 23128
2026/09/23 05:36:25.172, 0, GPU-787b1f07-4246-5ccd-5074-4bb2120f2c14, 248.50, 250.00, 99, 23120
2026/09/23 05:36:25.172, 1, GPU-a5982685-6ed7-6fce-8096-52d29e241396, 249.04, 250.00, 99, 23128
2026/09/23 05:36:27.173, 0, GPU-787b1f07-4246-5ccd-5074-4bb2120f2c14, 248.32, 250.00, 99, 23120
2026/09/23 05:36:27.174, 1, GPU-a5982685-6ed7-6fce-8096-52d29e241396, 249.12, 250.00, 99, 23128
2026/09/23 05:36:29.174, 0, GPU-787b1f07-4246-5ccd-5074-4bb2120f2c14, 248.40, 250.00, 99, 23120
2026/09/23 05:36:29.175, 1, GPU-a5982685-6ed7-6fce-8096-52d29e241396, 249.44, 250.00, 99, 23128
2026/09/23 05:36:31.175, 0, GPU-787b1f07-4246-5ccd-5074-4bb2120f2c14, 248.02, 250.00, 99, 23120
2026/09/23 05:36:31.176, 1, GPU-a5982685-6ed7-6fce-8096-52d29e241396, 248.91, 250.00, 99, 23128
2026/09/23 05:36:33.176, 0, GPU-787b1f07-4246-5ccd-5074-4bb2120f2c14, 248.71, 250.00, 99, 23120
2026/09/23 05:36:33.176, 1, GPU-a5982685-6ed7-6fce-8096-52d29e241396, 249.29, 250.00, 99, 23128
2026/09/23 05:36:35.177, 0, GPU-787b1f07-4246-5ccd-5074-4bb2120f2c14, 246.55, 250.00, 99, 23120
2026/09/23 05:36:35.177, 1, GPU-a5982685-6ed7-6fce-8096-52d29e241396, 248.37, 250.00, 99, 23128
2026/09/23 05:36:37.178, 0, GPU-787b1f07-4246-5ccd-5074-4bb2120f2c14, 249.22, 250.00, 99, 23120
2026/09/23 05:36:37.178, 1, GPU-a5982685-6ed7-6fce-8096-52d29e241396, 249.38, 250.00, 99, 23128
2026/09/23 05:36:39.179, 0, GPU-787b1f07-4246-5ccd-5074-4bb2120f2c14, 248.04, 250.00, 99, 23120
2026/09/23 05:36:39.179, 1, GPU-a5982685-6ed7-6fce-8096-52d29e241396, 248.94, 250.00, 100, 23128
2026/09/23 05:36:41.180, 0, GPU-787b1f07-4246-5ccd-5074-4bb2120f2c14, 249.09, 250.00, 99, 23120
2026/09/23 05:36:41.181, 1, GPU-a5982685-6ed7-6fce-8096-52d29e241396, 248.61, 250.00, 100, 23128
2026/09/23 05:36:43.181, 0, GPU-787b1f07-4246-5ccd-5074-4bb2120f2c14, 248.99, 250.00, 99, 23120
2026/09/23 05:36:43.182, 1, GPU-a5982685-6ed7-6fce-8096-52d29e241396, 248.84, 250.00, 99, 23128
2026/09/23 05:36:45.182, 0, GPU-787b1f07-4246-5ccd-5074-4bb2120f2c14, 248.70, 250.00, 99, 23120
2026/09/23 05:36:45.183, 1, GPU-a5982685-6ed7-6fce-8096-52d29e241396, 248.44, 250.00, 99, 23128
2026/09/23 05:36:47.184, 0, GPU-787b1f07-4246-5ccd-5074-4bb2120f2c14, 247.75, 250.00, 99, 23120
2026/09/23 05:36:47.184, 1, GPU-a5982685-6ed7-6fce-8096-52d29e241396, 248.20, 250.00, 99, 23128
2026/09/23 05:36:49.184, 0, GPU-787b1f07-4246-5ccd-5074-4bb2120f2c14, 249.38, 250.00, 98, 23120
2026/09/23 05:36:49.185, 1, GPU-a5982685-6ed7-6fce-8096-52d29e241396, 249.26, 250.00, 99, 23128
2026/09/23 05:36:51.186, 0, GPU-787b1f07-4246-5ccd-5074-4bb2120f2c14, 248.48, 250.00, 99, 23120
2026/09/23 05:36:51.186, 1, GPU-a5982685-6ed7-6fce-8096-52d29e241396, 249.15, 250.00, 99, 23128
2026/09/23 05:36:53.187, 0, GPU-787b1f07-4246-5ccd-5074-4bb2120f2c14, 248.96, 250.00, 99, 23120
2026/09/23 05:36:53.188, 1, GPU-a5982685-6ed7-6fce-8096-52d29e241396, 249.28, 250.00, 99, 23128
2026/09/23 05:36:55.188, 0, GPU-787b1f07-4246-5ccd-5074-4bb2120f2c14, 247.34, 250.00, 99, 23120
2026/09/23 05:36:55.188, 1, GPU-a5982685-6ed7-6fce-8096-52d29e241396, 249.05, 250.00, 99, 23128
2026/09/23 05:36:57.189, 0, GPU-787b1f07-4246-5ccd-5074-4bb2120f2c14, 242.84, 250.00, 99, 23120
2026/09/23 05:36:57.190, 1, GPU-a5982685-6ed7-6fce-8096-52d29e241396, 245.92, 250.00, 99, 23128
2026/09/23 05:36:59.191, 0, GPU-787b1f07-4246-5ccd-5074-4bb2120f2c14, 246.88, 250.00, 99, 23120
2026/09/23 05:36:59.191, 1, GPU-a5982685-6ed7-6fce-8096-52d29e241396, 248.98, 250.00, 100, 23128
2026/09/23 05:37:01.191, 0, GPU-787b1f07-4246-5ccd-5074-4bb2120f2c14, 248.83, 250.00, 98, 23120
2026/09/23 05:37:01.192, 1, GPU-a5982685-6ed7-6fce-8096-52d29e241396, 248.78, 250.00, 99, 23128
2026/09/23 05:37:03.193, 0, GPU-787b1f07-4246-5ccd-5074-4bb2120f2c14, 249.00, 250.00, 98, 23120
2026/09/23 05:37:03.193, 1, GPU-a5982685-6ed7-6fce-8096-52d29e241396, 248.53, 250.00, 100, 23128
2026/09/23 05:37:05.194, 0, GPU-787b1f07-4246-5ccd-5074-4bb2120f2c14, 247.03, 250.00, 98, 23120
2026/09/23 05:37:05.194, 1, GPU-a5982685-6ed7-6fce-8096-52d29e241396, 249.30, 250.00, 99, 23128
2026/09/23 05:37:07.195, 0, GPU-787b1f07-4246-5ccd-5074-4bb2120f2c14, 247.70, 250.00, 99, 23120
2026/09/23 05:37:07.196, 1, GPU-a5982685-6ed7-6fce-8096-52d29e241396, 249.24, 250.00, 99, 23128
2026/09/23 05:37:09.196, 0, GPU-787b1f07-4246-5ccd-5074-4bb2120f2c14, 248.37, 250.00, 99, 23120
2026/09/23 05:37:09.197, 1, GPU-a5982685-6ed7-6fce-8096-52d29e241396, 245.76, 250.00, 99, 23128
2026/09/23 05:37:11.197, 0, GPU-787b1f07-4246-5ccd-5074-4bb2120f2c14, 249.40, 250.00, 99, 23120
2026/09/23 05:37:11.197, 1, GPU-a5982685-6ed7-6fce-8096-52d29e241396, 248.64, 250.00, 99, 23128
2026/09/23 05:37:13.198, 0, GPU-787b1f07-4246-5ccd-5074-4bb2120f2c14, 248.49, 250.00, 99, 23120
2026/09/23 05:37:13.199, 1, GPU-a5982685-6ed7-6fce-8096-52d29e241396, 248.71, 250.00, 100, 23128
2026/09/23 05:37:15.199, 0, GPU-787b1f07-4246-5ccd-5074-4bb2120f2c14, 248.46, 250.00, 99, 23120
2026/09/23 05:37:15.200, 1, GPU-a5982685-6ed7-6fce-8096-52d29e241396, 248.24, 250.00, 99, 23128
2026/09/23 05:37:17.200, 0, GPU-787b1f07-4246-5ccd-5074-4bb2120f2c14, 246.94, 250.00, 99, 23120
2026/09/23 05:37:17.201, 1, GPU-a5982685-6ed7-6fce-8096-52d29e241396, 249.45, 250.00, 99, 23128
2026/09/23 05:37:19.202, 0, GPU-787b1f07-4246-5ccd-5074-4bb2120f2c14, 248.52, 250.00, 99, 23120
2026/09/23 05:37:19.202, 1, GPU-a5982685-6ed7-6fce-8096-52d29e241396, 249.01, 250.00, 99, 23128
2026/09/23 05:37:21.202, 0, GPU-787b1f07-4246-5ccd-5074-4bb2120f2c14, 248.08, 250.00, 99, 23120
2026/09/23 05:37:21.203, 1, GPU-a5982685-6ed7-6fce-8096-52d29e241396, 249.43, 250.00, 100, 23128
2026/09/23 05:37:23.203, 0, GPU-787b1f07-4246-5ccd-5074-4bb2120f2c14, 248.85, 250.00, 99, 23120
2026/09/23 05:37:23.204, 1, GPU-a5982685-6ed7-6fce-8096-52d29e241396, 248.86, 250.00, 99, 23128
2026/09/23 05:37:25.205, 0, GPU-787b1f07-4246-5ccd-5074-4bb2120f2c14, 248.09, 250.00, 99, 23120
2026/09/23 05:37:25.205, 1, GPU-a5982685-6ed7-6fce-8096-52d29e241396, 248.63, 250.00, 99, 23128
2026/09/23 05:37:27.206, 0, GPU-787b1f07-4246-5ccd-5074-4bb2120f2c14, 249.15, 250.00, 99, 23120
2026/09/23 05:37:27.207, 1, GPU-a5982685-6ed7-6fce-8096-52d29e241396, 248.92, 250.00, 99, 23128
2026/09/23 05:37:29.207, 0, GPU-787b1f07-4246-5ccd-5074-4bb2120f2c14, 249.07, 250.00, 99, 23120
2026/09/23 05:37:29.208, 1, GPU-a5982685-6ed7-6fce-8096-52d29e241396, 248.95, 250.00, 99, 23128
2026/09/23 05:37:31.208, 0, GPU-787b1f07-4246-5ccd-5074-4bb2120f2c14, 185.60, 250.00, 0, 23120
2026/09/23 05:37:31.209, 1, GPU-a5982685-6ed7-6fce-8096-52d29e241396, 225.12, 250.00, 0, 23128
2026/09/23 05:37:33.209, 0, GPU-787b1f07-4246-5ccd-5074-4bb2120f2c14, 128.03, 250.00, 0, 23120
2026/09/23 05:37:33.210, 1, GPU-a5982685-6ed7-6fce-8096-52d29e241396, 148.27, 250.00, 0, 23128
2026/09/23 05:37:35.210, 0, GPU-787b1f07-4246-5ccd-5074-4bb2120f2c14, 115.03, 250.00, 0, 23120
2026/09/23 05:37:35.210, 1, GPU-a5982685-6ed7-6fce-8096-52d29e241396, 129.96, 250.00, 0, 23128
2026/09/23 05:37:37.211, 0, GPU-787b1f07-4246-5ccd-5074-4bb2120f2c14, 114.21, 250.00, 0, 23120
2026/09/23 05:37:37.211, 1, GPU-a5982685-6ed7-6fce-8096-52d29e241396, 129.70, 250.00, 0, 23128
2026/09/23 05:37:39.212, 0, GPU-787b1f07-4246-5ccd-5074-4bb2120f2c14, 113.82, 250.00, 0, 23120
2026/09/23 05:37:39.212, 1, GPU-a5982685-6ed7-6fce-8096-52d29e241396, 129.21, 250.00, 0, 23128
2026/09/23 05:37:41.212, 0, GPU-787b1f07-4246-5ccd-5074-4bb2120f2c14, 113.62, 250.00, 0, 23120
2026/09/23 05:37:41.213, 1, GPU-a5982685-6ed7-6fce-8096-52d29e241396, 128.76, 250.00, 0, 23128
2026/09/23 05:37:43.213, 0, GPU-787b1f07-4246-5ccd-5074-4bb2120f2c14, 113.44, 250.00, 0, 23120
2026/09/23 05:37:43.213, 1, GPU-a5982685-6ed7-6fce-8096-52d29e241396, 128.33, 250.00, 0, 23128
2026/09/23 05:37:45.214, 0, GPU-787b1f07-4246-5ccd-5074-4bb2120f2c14, 113.38, 250.00, 0, 23120
2026/09/23 05:37:45.214, 1, GPU-a5982685-6ed7-6fce-8096-52d29e241396, 128.64, 250.00, 0, 23128
2026/09/23 05:37:47.215, 0, GPU-787b1f07-4246-5ccd-5074-4bb2120f2c14, 113.19, 250.00, 0, 23120
2026/09/23 05:37:47.215, 1, GPU-a5982685-6ed7-6fce-8096-52d29e241396, 128.68, 250.00, 0, 23128
2026/09/23 05:37:49.215, 0, GPU-787b1f07-4246-5ccd-5074-4bb2120f2c14, 75.47, 250.00, 0, 23120
2026/09/23 05:37:49.217, 1, GPU-a5982685-6ed7-6fce-8096-52d29e241396, 73.28, 250.00, 0, 23128
2026/09/23 05:37:51.219, 0, GPU-787b1f07-4246-5ccd-5074-4bb2120f2c14, 22.33, 250.00, 0, 23120
2026/09/23 05:37:51.220, 1, GPU-a5982685-6ed7-6fce-8096-52d29e241396, 20.13, 250.00, 0, 23128
2026/09/23 05:37:53.222, 0, GPU-787b1f07-4246-5ccd-5074-4bb2120f2c14, 21.04, 250.00, 0, 23120
2026/09/23 05:37:53.223, 1, GPU-a5982685-6ed7-6fce-8096-52d29e241396, 19.43, 250.00, 0, 23128
2026/09/23 05:37:55.225, 0, GPU-787b1f07-4246-5ccd-5074-4bb2120f2c14, 21.32, 250.00, 0, 23120
2026/09/23 05:37:55.226, 1, GPU-a5982685-6ed7-6fce-8096-52d29e241396, 19.42, 250.00, 0, 23128
2026/09/23 05:37:57.228, 0, GPU-787b1f07-4246-5ccd-5074-4bb2120f2c14, 246.95, 250.00, 99, 23120
2026/09/23 05:37:57.228, 1, GPU-a5982685-6ed7-6fce-8096-52d29e241396, 170.60, 250.00, 99, 23128
2026/09/23 05:37:59.229, 0, GPU-787b1f07-4246-5ccd-5074-4bb2120f2c14, 244.37, 250.00, 100, 23420
2026/09/23 05:37:59.229, 1, GPU-a5982685-6ed7-6fce-8096-52d29e241396, 248.56, 250.00, 100, 23428
2026/09/23 05:38:01.230, 0, GPU-787b1f07-4246-5ccd-5074-4bb2120f2c14, 241.29, 250.00, 100, 23420
2026/09/23 05:38:01.231, 1, GPU-a5982685-6ed7-6fce-8096-52d29e241396, 247.77, 250.00, 100, 23428
2026/09/23 05:38:03.231, 0, GPU-787b1f07-4246-5ccd-5074-4bb2120f2c14, 243.82, 250.00, 100, 23420
2026/09/23 05:38:03.232, 1, GPU-a5982685-6ed7-6fce-8096-52d29e241396, 245.66, 250.00, 100, 23428
2026/09/23 05:38:05.234, 0, GPU-787b1f07-4246-5ccd-5074-4bb2120f2c14, 243.30, 250.00, 100, 23420
2026/09/23 05:38:05.234, 1, GPU-a5982685-6ed7-6fce-8096-52d29e241396, 245.05, 250.00, 100, 23428
2026/09/23 05:38:07.235, 0, GPU-787b1f07-4246-5ccd-5074-4bb2120f2c14, 243.71, 250.00, 100, 23420
2026/09/23 05:38:07.235, 1, GPU-a5982685-6ed7-6fce-8096-52d29e241396, 247.43, 250.00, 100, 23428
2026/09/23 05:38:09.236, 0, GPU-787b1f07-4246-5ccd-5074-4bb2120f2c14, 244.19, 250.00, 100, 23420
2026/09/23 05:38:09.237, 1, GPU-a5982685-6ed7-6fce-8096-52d29e241396, 247.61, 250.00, 100, 23428
2026/09/23 05:38:11.239, 0, GPU-787b1f07-4246-5ccd-5074-4bb2120f2c14, 242.60, 250.00, 100, 23420
2026/09/23 05:38:11.239, 1, GPU-a5982685-6ed7-6fce-8096-52d29e241396, 246.77, 250.00, 100, 23428
2026/09/23 05:38:13.239, 0, GPU-787b1f07-4246-5ccd-5074-4bb2120f2c14, 245.83, 250.00, 100, 23420
2026/09/23 05:38:13.241, 1, GPU-a5982685-6ed7-6fce-8096-52d29e241396, 246.90, 250.00, 100, 23428
2026/09/23 05:38:15.242, 0, GPU-787b1f07-4246-5ccd-5074-4bb2120f2c14, 243.06, 250.00, 100, 23420
2026/09/23 05:38:15.242, 1, GPU-a5982685-6ed7-6fce-8096-52d29e241396, 247.74, 250.00, 100, 23428
2026/09/23 05:38:17.243, 0, GPU-787b1f07-4246-5ccd-5074-4bb2120f2c14, 242.71, 250.00, 100, 23420
2026/09/23 05:38:17.244, 1, GPU-a5982685-6ed7-6fce-8096-52d29e241396, 246.11, 250.00, 100, 23428
2026/09/23 05:38:19.245, 0, GPU-787b1f07-4246-5ccd-5074-4bb2120f2c14, 244.81, 250.00, 100, 23420
2026/09/23 05:38:19.246, 1, GPU-a5982685-6ed7-6fce-8096-52d29e241396, 245.68, 250.00, 100, 23428
2026/09/23 05:38:21.246, 0, GPU-787b1f07-4246-5ccd-5074-4bb2120f2c14, 245.43, 250.00, 100, 23420
2026/09/23 05:38:21.247, 1, GPU-a5982685-6ed7-6fce-8096-52d29e241396, 248.27, 250.00, 100, 23428
2026/09/23 05:38:23.247, 0, GPU-787b1f07-4246-5ccd-5074-4bb2120f2c14, 246.81, 250.00, 100, 23420
2026/09/23 05:38:23.247, 1, GPU-a5982685-6ed7-6fce-8096-52d29e241396, 248.83, 250.00, 100, 23428
2026/09/23 05:38:25.248, 0, GPU-787b1f07-4246-5ccd-5074-4bb2120f2c14, 246.36, 250.00, 100, 23420
2026/09/23 05:38:25.248, 1, GPU-a5982685-6ed7-6fce-8096-52d29e241396, 246.75, 250.00, 100, 23428
2026/09/23 05:38:27.249, 0, GPU-787b1f07-4246-5ccd-5074-4bb2120f2c14, 248.97, 250.00, 99, 23420
2026/09/23 05:38:27.249, 1, GPU-a5982685-6ed7-6fce-8096-52d29e241396, 249.30, 250.00, 100, 23428
2026/09/23 05:38:29.250, 0, GPU-787b1f07-4246-5ccd-5074-4bb2120f2c14, 249.27, 250.00, 99, 23420
2026/09/23 05:38:29.250, 1, GPU-a5982685-6ed7-6fce-8096-52d29e241396, 249.29, 250.00, 100, 23428
2026/09/23 05:38:31.250, 0, GPU-787b1f07-4246-5ccd-5074-4bb2120f2c14, 249.20, 250.00, 99, 23420
2026/09/23 05:38:31.251, 1, GPU-a5982685-6ed7-6fce-8096-52d29e241396, 249.47, 250.00, 100, 23428
2026/09/23 05:38:33.251, 0, GPU-787b1f07-4246-5ccd-5074-4bb2120f2c14, 249.00, 250.00, 99, 23420
2026/09/23 05:38:33.252, 1, GPU-a5982685-6ed7-6fce-8096-52d29e241396, 249.46, 250.00, 100, 23428
2026/09/23 05:38:35.253, 0, GPU-787b1f07-4246-5ccd-5074-4bb2120f2c14, 249.20, 250.00, 99, 23420
2026/09/23 05:38:35.253, 1, GPU-a5982685-6ed7-6fce-8096-52d29e241396, 249.50, 250.00, 100, 23428
2026/09/23 05:38:37.253, 0, GPU-787b1f07-4246-5ccd-5074-4bb2120f2c14, 249.36, 250.00, 99, 23420
2026/09/23 05:38:37.254, 1, GPU-a5982685-6ed7-6fce-8096-52d29e241396, 249.12, 250.00, 100, 23428
2026/09/23 05:38:39.254, 0, GPU-787b1f07-4246-5ccd-5074-4bb2120f2c14, 249.41, 250.00, 99, 23420
2026/09/23 05:38:39.255, 1, GPU-a5982685-6ed7-6fce-8096-52d29e241396, 249.35, 250.00, 100, 23428
2026/09/23 05:38:41.255, 0, GPU-787b1f07-4246-5ccd-5074-4bb2120f2c14, 248.83, 250.00, 99, 23420
2026/09/23 05:38:41.256, 1, GPU-a5982685-6ed7-6fce-8096-52d29e241396, 249.26, 250.00, 100, 23428
2026/09/23 05:38:43.257, 0, GPU-787b1f07-4246-5ccd-5074-4bb2120f2c14, 249.45, 250.00, 99, 23420
2026/09/23 05:38:43.257, 1, GPU-a5982685-6ed7-6fce-8096-52d29e241396, 249.28, 250.00, 100, 23428
2026/09/23 05:38:45.258, 0, GPU-787b1f07-4246-5ccd-5074-4bb2120f2c14, 245.36, 250.00, 63, 23420
2026/09/23 05:38:45.258, 1, GPU-a5982685-6ed7-6fce-8096-52d29e241396, 249.72, 250.00, 99, 23428
2026/09/23 05:38:47.259, 0, GPU-787b1f07-4246-5ccd-5074-4bb2120f2c14, 241.52, 250.00, 100, 23420
2026/09/23 05:38:47.259, 1, GPU-a5982685-6ed7-6fce-8096-52d29e241396, 246.29, 250.00, 100, 23428
2026/09/23 05:38:49.259, 0, GPU-787b1f07-4246-5ccd-5074-4bb2120f2c14, 245.28, 250.00, 100, 23420
2026/09/23 05:38:49.260, 1, GPU-a5982685-6ed7-6fce-8096-52d29e241396, 248.25, 250.00, 100, 23428
2026/09/23 05:38:51.260, 0, GPU-787b1f07-4246-5ccd-5074-4bb2120f2c14, 245.79, 250.00, 100, 23420
2026/09/23 05:38:51.261, 1, GPU-a5982685-6ed7-6fce-8096-52d29e241396, 247.27, 250.00, 100, 23428
2026/09/23 05:38:53.261, 0, GPU-787b1f07-4246-5ccd-5074-4bb2120f2c14, 241.17, 250.00, 100, 23420
2026/09/23 05:38:53.261, 1, GPU-a5982685-6ed7-6fce-8096-52d29e241396, 245.27, 250.00, 100, 23428
2026/09/23 05:38:55.262, 0, GPU-787b1f07-4246-5ccd-5074-4bb2120f2c14, 242.51, 250.00, 100, 23420
2026/09/23 05:38:55.263, 1, GPU-a5982685-6ed7-6fce-8096-52d29e241396, 247.27, 250.00, 100, 23428
2026/09/23 05:38:57.264, 0, GPU-787b1f07-4246-5ccd-5074-4bb2120f2c14, 244.08, 250.00, 100, 23420
2026/09/23 05:38:57.265, 1, GPU-a5982685-6ed7-6fce-8096-52d29e241396, 246.96, 250.00, 100, 23428
2026/09/23 05:38:59.267, 0, GPU-787b1f07-4246-5ccd-5074-4bb2120f2c14, 243.08, 250.00, 100, 23420
2026/09/23 05:38:59.267, 1, GPU-a5982685-6ed7-6fce-8096-52d29e241396, 245.48, 250.00, 100, 23428
2026/09/23 05:39:01.268, 0, GPU-787b1f07-4246-5ccd-5074-4bb2120f2c14, 242.97, 250.00, 100, 23420
2026/09/23 05:39:01.268, 1, GPU-a5982685-6ed7-6fce-8096-52d29e241396, 246.70, 250.00, 100, 23428
2026/09/23 05:39:03.269, 0, GPU-787b1f07-4246-5ccd-5074-4bb2120f2c14, 243.50, 250.00, 100, 23420
2026/09/23 05:39:03.270, 1, GPU-a5982685-6ed7-6fce-8096-52d29e241396, 246.65, 250.00, 100, 23428
2026/09/23 05:39:05.272, 0, GPU-787b1f07-4246-5ccd-5074-4bb2120f2c14, 246.00, 250.00, 100, 23420
2026/09/23 05:39:05.272, 1, GPU-a5982685-6ed7-6fce-8096-52d29e241396, 247.67, 250.00, 100, 23428
2026/09/23 05:39:07.273, 0, GPU-787b1f07-4246-5ccd-5074-4bb2120f2c14, 243.71, 250.00, 100, 23420
2026/09/23 05:39:07.274, 1, GPU-a5982685-6ed7-6fce-8096-52d29e241396, 246.23, 250.00, 100, 23428
2026/09/23 05:39:09.275, 0, GPU-787b1f07-4246-5ccd-5074-4bb2120f2c14, 245.52, 250.00, 100, 23420
2026/09/23 05:39:09.276, 1, GPU-a5982685-6ed7-6fce-8096-52d29e241396, 248.30, 250.00, 100, 23428
2026/09/23 05:39:11.276, 0, GPU-787b1f07-4246-5ccd-5074-4bb2120f2c14, 246.20, 250.00, 100, 23420
2026/09/23 05:39:11.276, 1, GPU-a5982685-6ed7-6fce-8096-52d29e241396, 248.09, 250.00, 100, 23428
2026/09/23 05:39:13.277, 0, GPU-787b1f07-4246-5ccd-5074-4bb2120f2c14, 246.30, 250.00, 100, 23420
2026/09/23 05:39:13.278, 1, GPU-a5982685-6ed7-6fce-8096-52d29e241396, 247.71, 250.00, 100, 23428
2026/09/23 05:39:15.278, 0, GPU-787b1f07-4246-5ccd-5074-4bb2120f2c14, 249.27, 250.00, 99, 23420
2026/09/23 05:39:15.279, 1, GPU-a5982685-6ed7-6fce-8096-52d29e241396, 249.94, 250.00, 100, 23428
2026/09/23 05:39:17.279, 0, GPU-787b1f07-4246-5ccd-5074-4bb2120f2c14, 249.50, 250.00, 99, 23420
2026/09/23 05:39:17.279, 1, GPU-a5982685-6ed7-6fce-8096-52d29e241396, 249.62, 250.00, 100, 23428
2026/09/23 05:39:19.280, 0, GPU-787b1f07-4246-5ccd-5074-4bb2120f2c14, 249.11, 250.00, 99, 23420
2026/09/23 05:39:19.281, 1, GPU-a5982685-6ed7-6fce-8096-52d29e241396, 249.39, 250.00, 100, 23428
2026/09/23 05:39:21.282, 0, GPU-787b1f07-4246-5ccd-5074-4bb2120f2c14, 249.16, 250.00, 99, 23420
2026/09/23 05:39:21.282, 1, GPU-a5982685-6ed7-6fce-8096-52d29e241396, 249.52, 250.00, 100, 23428
2026/09/23 05:39:23.283, 0, GPU-787b1f07-4246-5ccd-5074-4bb2120f2c14, 248.95, 250.00, 99, 23420
2026/09/23 05:39:23.283, 1, GPU-a5982685-6ed7-6fce-8096-52d29e241396, 249.53, 250.00, 100, 23428
2026/09/23 05:39:25.284, 0, GPU-787b1f07-4246-5ccd-5074-4bb2120f2c14, 249.18, 250.00, 99, 23420
2026/09/23 05:39:25.284, 1, GPU-a5982685-6ed7-6fce-8096-52d29e241396, 249.11, 250.00, 100, 23428
2026/09/23 05:39:27.285, 0, GPU-787b1f07-4246-5ccd-5074-4bb2120f2c14, 248.80, 250.00, 99, 23420
2026/09/23 05:39:27.285, 1, GPU-a5982685-6ed7-6fce-8096-52d29e241396, 249.34, 250.00, 100, 23428
2026/09/23 05:39:29.285, 0, GPU-787b1f07-4246-5ccd-5074-4bb2120f2c14, 248.99, 250.00, 99, 23420
2026/09/23 05:39:29.286, 1, GPU-a5982685-6ed7-6fce-8096-52d29e241396, 249.24, 250.00, 100, 23428
2026/09/23 05:39:31.286, 0, GPU-787b1f07-4246-5ccd-5074-4bb2120f2c14, 249.50, 250.00, 99, 23420
2026/09/23 05:39:31.287, 1, GPU-a5982685-6ed7-6fce-8096-52d29e241396, 249.32, 250.00, 100, 23428
2026/09/23 05:39:33.287, 0, GPU-787b1f07-4246-5ccd-5074-4bb2120f2c14, 247.65, 250.00, 99, 23420
2026/09/23 05:39:33.289, 1, GPU-a5982685-6ed7-6fce-8096-52d29e241396, 246.78, 250.00, 99, 23428
2026/09/23 05:39:35.289, 0, GPU-787b1f07-4246-5ccd-5074-4bb2120f2c14, 242.05, 250.00, 100, 23420
2026/09/23 05:39:35.290, 1, GPU-a5982685-6ed7-6fce-8096-52d29e241396, 246.30, 250.00, 100, 23428
2026/09/23 05:39:37.290, 0, GPU-787b1f07-4246-5ccd-5074-4bb2120f2c14, 239.95, 250.00, 100, 23420
2026/09/23 05:39:37.291, 1, GPU-a5982685-6ed7-6fce-8096-52d29e241396, 250.15, 250.00, 100, 23428
2026/09/23 05:39:39.291, 0, GPU-787b1f07-4246-5ccd-5074-4bb2120f2c14, 243.28, 250.00, 100, 23420
2026/09/23 05:39:39.292, 1, GPU-a5982685-6ed7-6fce-8096-52d29e241396, 248.29, 250.00, 100, 23428
2026/09/23 05:39:41.292, 0, GPU-787b1f07-4246-5ccd-5074-4bb2120f2c14, 242.46, 250.00, 100, 23420
2026/09/23 05:39:41.292, 1, GPU-a5982685-6ed7-6fce-8096-52d29e241396, 245.52, 250.00, 100, 23428
2026/09/23 05:39:43.293, 0, GPU-787b1f07-4246-5ccd-5074-4bb2120f2c14, 241.70, 250.00, 100, 23420
2026/09/23 05:39:43.293, 1, GPU-a5982685-6ed7-6fce-8096-52d29e241396, 247.05, 250.00, 100, 23428
2026/09/23 05:39:45.294, 0, GPU-787b1f07-4246-5ccd-5074-4bb2120f2c14, 242.63, 250.00, 100, 23420
2026/09/23 05:39:45.294, 1, GPU-a5982685-6ed7-6fce-8096-52d29e241396, 246.67, 250.00, 100, 23428
2026/09/23 05:39:47.295, 0, GPU-787b1f07-4246-5ccd-5074-4bb2120f2c14, 242.21, 250.00, 100, 23420
2026/09/23 05:39:47.295, 1, GPU-a5982685-6ed7-6fce-8096-52d29e241396, 246.90, 250.00, 100, 23428
2026/09/23 05:39:49.295, 0, GPU-787b1f07-4246-5ccd-5074-4bb2120f2c14, 242.59, 250.00, 100, 23420
2026/09/23 05:39:49.296, 1, GPU-a5982685-6ed7-6fce-8096-52d29e241396, 246.52, 250.00, 100, 23428
2026/09/23 05:39:51.296, 0, GPU-787b1f07-4246-5ccd-5074-4bb2120f2c14, 240.30, 250.00, 100, 23420
2026/09/23 05:39:51.297, 1, GPU-a5982685-6ed7-6fce-8096-52d29e241396, 243.41, 250.00, 100, 23428
2026/09/23 05:39:53.297, 0, GPU-787b1f07-4246-5ccd-5074-4bb2120f2c14, 241.91, 250.00, 100, 23420
2026/09/23 05:39:53.297, 1, GPU-a5982685-6ed7-6fce-8096-52d29e241396, 242.90, 250.00, 100, 23428
2026/09/23 05:39:55.298, 0, GPU-787b1f07-4246-5ccd-5074-4bb2120f2c14, 244.79, 250.00, 100, 23420
2026/09/23 05:39:55.298, 1, GPU-a5982685-6ed7-6fce-8096-52d29e241396, 247.21, 250.00, 100, 23428
2026/09/23 05:39:57.299, 0, GPU-787b1f07-4246-5ccd-5074-4bb2120f2c14, 246.49, 250.00, 100, 23420
2026/09/23 05:39:57.299, 1, GPU-a5982685-6ed7-6fce-8096-52d29e241396, 246.22, 250.00, 100, 23428
2026/09/23 05:39:59.300, 0, GPU-787b1f07-4246-5ccd-5074-4bb2120f2c14, 245.02, 250.00, 100, 23420
2026/09/23 05:39:59.300, 1, GPU-a5982685-6ed7-6fce-8096-52d29e241396, 247.10, 250.00, 100, 23428
2026/09/23 05:40:01.301, 0, GPU-787b1f07-4246-5ccd-5074-4bb2120f2c14, 247.96, 250.00, 100, 23420
2026/09/23 05:40:01.302, 1, GPU-a5982685-6ed7-6fce-8096-52d29e241396, 246.91, 250.00, 100, 23428
2026/09/23 05:40:03.302, 0, GPU-787b1f07-4246-5ccd-5074-4bb2120f2c14, 248.86, 250.00, 99, 23420
2026/09/23 05:40:03.303, 1, GPU-a5982685-6ed7-6fce-8096-52d29e241396, 248.98, 250.00, 100, 23428
2026/09/23 05:40:05.303, 0, GPU-787b1f07-4246-5ccd-5074-4bb2120f2c14, 248.65, 250.00, 99, 23420
2026/09/23 05:40:05.304, 1, GPU-a5982685-6ed7-6fce-8096-52d29e241396, 249.34, 250.00, 100, 23428
2026/09/23 05:40:07.304, 0, GPU-787b1f07-4246-5ccd-5074-4bb2120f2c14, 248.89, 250.00, 99, 23420
2026/09/23 05:40:07.305, 1, GPU-a5982685-6ed7-6fce-8096-52d29e241396, 249.14, 250.00, 100, 23428
2026/09/23 05:40:09.305, 0, GPU-787b1f07-4246-5ccd-5074-4bb2120f2c14, 249.00, 250.00, 99, 23420
2026/09/23 05:40:09.306, 1, GPU-a5982685-6ed7-6fce-8096-52d29e241396, 249.02, 250.00, 100, 23428
2026/09/23 05:40:11.306, 0, GPU-787b1f07-4246-5ccd-5074-4bb2120f2c14, 248.92, 250.00, 99, 23420
2026/09/23 05:40:11.307, 1, GPU-a5982685-6ed7-6fce-8096-52d29e241396, 249.34, 250.00, 100, 23428
2026/09/23 05:40:13.307, 0, GPU-787b1f07-4246-5ccd-5074-4bb2120f2c14, 249.17, 250.00, 99, 23420
2026/09/23 05:40:13.308, 1, GPU-a5982685-6ed7-6fce-8096-52d29e241396, 249.41, 250.00, 100, 23428
2026/09/23 05:40:15.308, 0, GPU-787b1f07-4246-5ccd-5074-4bb2120f2c14, 248.89, 250.00, 99, 23420
2026/09/23 05:40:15.309, 1, GPU-a5982685-6ed7-6fce-8096-52d29e241396, 249.33, 250.00, 100, 23428
2026/09/23 05:40:17.309, 0, GPU-787b1f07-4246-5ccd-5074-4bb2120f2c14, 249.19, 250.00, 99, 23420
2026/09/23 05:40:17.310, 1, GPU-a5982685-6ed7-6fce-8096-52d29e241396, 249.51, 250.00, 100, 23428
2026/09/23 05:40:19.310, 0, GPU-787b1f07-4246-5ccd-5074-4bb2120f2c14, 249.30, 250.00, 99, 23420
2026/09/23 05:40:19.311, 1, GPU-a5982685-6ed7-6fce-8096-52d29e241396, 249.22, 250.00, 100, 23428
2026/09/23 05:40:21.311, 0, GPU-787b1f07-4246-5ccd-5074-4bb2120f2c14, 243.72, 250.00, 99, 23420
2026/09/23 05:40:21.312, 1, GPU-a5982685-6ed7-6fce-8096-52d29e241396, 245.90, 250.00, 99, 23428
2026/09/23 05:40:23.312, 0, GPU-787b1f07-4246-5ccd-5074-4bb2120f2c14, 242.98, 250.00, 100, 23420
2026/09/23 05:40:23.313, 1, GPU-a5982685-6ed7-6fce-8096-52d29e241396, 248.62, 250.00, 100, 23428
2026/09/23 05:40:25.313, 0, GPU-787b1f07-4246-5ccd-5074-4bb2120f2c14, 241.96, 250.00, 100, 23420
2026/09/23 05:40:25.314, 1, GPU-a5982685-6ed7-6fce-8096-52d29e241396, 246.33, 250.00, 100, 23428
2026/09/23 05:40:27.316, 0, GPU-787b1f07-4246-5ccd-5074-4bb2120f2c14, 242.79, 250.00, 100, 23420
2026/09/23 05:40:27.317, 1, GPU-a5982685-6ed7-6fce-8096-52d29e241396, 246.24, 250.00, 100, 23428
2026/09/23 05:40:29.319, 0, GPU-787b1f07-4246-5ccd-5074-4bb2120f2c14, 243.88, 250.00, 100, 23420
2026/09/23 05:40:29.320, 1, GPU-a5982685-6ed7-6fce-8096-52d29e241396, 247.46, 250.00, 100, 23428
2026/09/23 05:40:31.321, 0, GPU-787b1f07-4246-5ccd-5074-4bb2120f2c14, 243.85, 250.00, 100, 23420
2026/09/23 05:40:31.323, 1, GPU-a5982685-6ed7-6fce-8096-52d29e241396, 245.28, 250.00, 100, 23428
2026/09/23 05:40:33.323, 0, GPU-787b1f07-4246-5ccd-5074-4bb2120f2c14, 241.87, 250.00, 100, 23420
2026/09/23 05:40:33.324, 1, GPU-a5982685-6ed7-6fce-8096-52d29e241396, 246.04, 250.00, 100, 23428
2026/09/23 05:40:35.324, 0, GPU-787b1f07-4246-5ccd-5074-4bb2120f2c14, 243.09, 250.00, 100, 23420
2026/09/23 05:40:35.325, 1, GPU-a5982685-6ed7-6fce-8096-52d29e241396, 245.73, 250.00, 100, 23428
2026/09/23 05:40:37.325, 0, GPU-787b1f07-4246-5ccd-5074-4bb2120f2c14, 240.99, 250.00, 100, 23420
2026/09/23 05:40:37.327, 1, GPU-a5982685-6ed7-6fce-8096-52d29e241396, 246.90, 250.00, 100, 23428
2026/09/23 05:40:39.328, 0, GPU-787b1f07-4246-5ccd-5074-4bb2120f2c14, 249.95, 250.00, 100, 23420
2026/09/23 05:40:39.328, 1, GPU-a5982685-6ed7-6fce-8096-52d29e241396, 244.88, 250.00, 100, 23428
2026/09/23 05:40:41.329, 0, GPU-787b1f07-4246-5ccd-5074-4bb2120f2c14, 243.56, 250.00, 100, 23420
2026/09/23 05:40:41.329, 1, GPU-a5982685-6ed7-6fce-8096-52d29e241396, 244.89, 250.00, 100, 23428
2026/09/23 05:40:43.330, 0, GPU-787b1f07-4246-5ccd-5074-4bb2120f2c14, 243.54, 250.00, 100, 23420
2026/09/23 05:40:43.330, 1, GPU-a5982685-6ed7-6fce-8096-52d29e241396, 248.18, 250.00, 100, 23428
2026/09/23 05:40:45.330, 0, GPU-787b1f07-4246-5ccd-5074-4bb2120f2c14, 245.62, 250.00, 100, 23420
2026/09/23 05:40:45.331, 1, GPU-a5982685-6ed7-6fce-8096-52d29e241396, 247.06, 250.00, 100, 23428
2026/09/23 05:40:47.332, 0, GPU-787b1f07-4246-5ccd-5074-4bb2120f2c14, 246.50, 250.00, 100, 23420
2026/09/23 05:40:47.332, 1, GPU-a5982685-6ed7-6fce-8096-52d29e241396, 246.48, 250.00, 100, 23428
2026/09/23 05:40:49.332, 0, GPU-787b1f07-4246-5ccd-5074-4bb2120f2c14, 246.94, 250.00, 100, 23420
2026/09/23 05:40:49.333, 1, GPU-a5982685-6ed7-6fce-8096-52d29e241396, 247.78, 250.00, 100, 23428
2026/09/23 05:40:51.333, 0, GPU-787b1f07-4246-5ccd-5074-4bb2120f2c14, 248.58, 250.00, 99, 23420
2026/09/23 05:40:51.334, 1, GPU-a5982685-6ed7-6fce-8096-52d29e241396, 249.17, 250.00, 100, 23428
2026/09/23 05:40:53.334, 0, GPU-787b1f07-4246-5ccd-5074-4bb2120f2c14, 249.39, 250.00, 99, 23420
2026/09/23 05:40:53.335, 1, GPU-a5982685-6ed7-6fce-8096-52d29e241396, 249.29, 250.00, 100, 23428
2026/09/23 05:40:55.335, 0, GPU-787b1f07-4246-5ccd-5074-4bb2120f2c14, 249.30, 250.00, 99, 23420
2026/09/23 05:40:55.336, 1, GPU-a5982685-6ed7-6fce-8096-52d29e241396, 249.36, 250.00, 100, 23428
2026/09/23 05:40:57.336, 0, GPU-787b1f07-4246-5ccd-5074-4bb2120f2c14, 249.03, 250.00, 99, 23420
2026/09/23 05:40:57.337, 1, GPU-a5982685-6ed7-6fce-8096-52d29e241396, 249.17, 250.00, 100, 23428
2026/09/23 05:40:59.337, 0, GPU-787b1f07-4246-5ccd-5074-4bb2120f2c14, 249.60, 250.00, 99, 23420
2026/09/23 05:40:59.338, 1, GPU-a5982685-6ed7-6fce-8096-52d29e241396, 249.55, 250.00, 100, 23428
2026/09/23 05:41:01.338, 0, GPU-787b1f07-4246-5ccd-5074-4bb2120f2c14, 249.40, 250.00, 99, 23420
2026/09/23 05:41:01.339, 1, GPU-a5982685-6ed7-6fce-8096-52d29e241396, 249.62, 250.00, 100, 23428
2026/09/23 05:41:03.339, 0, GPU-787b1f07-4246-5ccd-5074-4bb2120f2c14, 249.55, 250.00, 99, 23420
2026/09/23 05:41:03.339, 1, GPU-a5982685-6ed7-6fce-8096-52d29e241396, 249.43, 250.00, 100, 23428
2026/09/23 05:41:05.340, 0, GPU-787b1f07-4246-5ccd-5074-4bb2120f2c14, 248.96, 250.00, 99, 23420
2026/09/23 05:41:05.341, 1, GPU-a5982685-6ed7-6fce-8096-52d29e241396, 249.44, 250.00, 100, 23428
2026/09/23 05:41:07.341, 0, GPU-787b1f07-4246-5ccd-5074-4bb2120f2c14, 248.99, 250.00, 99, 23420
2026/09/23 05:41:07.342, 1, GPU-a5982685-6ed7-6fce-8096-52d29e241396, 249.25, 250.00, 100, 23428
2026/09/23 05:41:09.342, 0, GPU-787b1f07-4246-5ccd-5074-4bb2120f2c14, 215.06, 250.00, 0, 23420
2026/09/23 05:41:09.342, 1, GPU-a5982685-6ed7-6fce-8096-52d29e241396, 199.49, 250.00, 0, 23428
2026/09/23 05:41:11.343, 0, GPU-787b1f07-4246-5ccd-5074-4bb2120f2c14, 129.37, 250.00, 0, 23420
2026/09/23 05:41:11.343, 1, GPU-a5982685-6ed7-6fce-8096-52d29e241396, 156.20, 250.00, 0, 23428
2026/09/23 05:41:13.343, 0, GPU-787b1f07-4246-5ccd-5074-4bb2120f2c14, 115.35, 250.00, 0, 23420
2026/09/23 05:41:13.344, 1, GPU-a5982685-6ed7-6fce-8096-52d29e241396, 135.76, 250.00, 0, 23428
2026/09/23 05:41:15.344, 0, GPU-787b1f07-4246-5ccd-5074-4bb2120f2c14, 114.83, 250.00, 0, 23420
2026/09/23 05:41:15.345, 1, GPU-a5982685-6ed7-6fce-8096-52d29e241396, 135.45, 250.00, 0, 23428
2026/09/23 05:41:17.345, 0, GPU-787b1f07-4246-5ccd-5074-4bb2120f2c14, 114.38, 250.00, 0, 23420
2026/09/23 05:41:17.345, 1, GPU-a5982685-6ed7-6fce-8096-52d29e241396, 135.26, 250.00, 0, 23428
2026/09/23 05:41:19.346, 0, GPU-787b1f07-4246-5ccd-5074-4bb2120f2c14, 113.99, 250.00, 0, 23420
2026/09/23 05:41:19.346, 1, GPU-a5982685-6ed7-6fce-8096-52d29e241396, 135.04, 250.00, 0, 23428
2026/09/23 05:41:21.346, 0, GPU-787b1f07-4246-5ccd-5074-4bb2120f2c14, 113.87, 250.00, 0, 23420
2026/09/23 05:41:21.347, 1, GPU-a5982685-6ed7-6fce-8096-52d29e241396, 135.00, 250.00, 0, 23428
2026/09/23 05:41:23.347, 0, GPU-787b1f07-4246-5ccd-5074-4bb2120f2c14, 113.65, 250.00, 0, 23420
2026/09/23 05:41:23.348, 1, GPU-a5982685-6ed7-6fce-8096-52d29e241396, 134.81, 250.00, 0, 23428
2026/09/23 05:41:25.348, 0, GPU-787b1f07-4246-5ccd-5074-4bb2120f2c14, 113.45, 250.00, 0, 23420
2026/09/23 05:41:25.348, 1, GPU-a5982685-6ed7-6fce-8096-52d29e241396, 134.68, 250.00, 0, 23428
2026/09/23 05:41:27.349, 0, GPU-787b1f07-4246-5ccd-5074-4bb2120f2c14, 70.82, 250.00, 0, 23420
2026/09/23 05:41:27.350, 1, GPU-a5982685-6ed7-6fce-8096-52d29e241396, 26.80, 250.00, 0, 23428
2026/09/23 05:41:29.352, 0, GPU-787b1f07-4246-5ccd-5074-4bb2120f2c14, 21.87, 250.00, 0, 23420
2026/09/23 05:41:29.354, 1, GPU-a5982685-6ed7-6fce-8096-52d29e241396, 22.07, 250.00, 0, 23428
